img_file,class
train_001.jpg,1
train_002.jpg,1
train_003.jpg,1
train_004.jpg,1
train_005.jpg,1
train_006.jpg,1
train_007.jpg,1
train_008.jpg,1
train_009.jpg,1
train_010.jpg,1
train_011.jpg,1
train_012.jpg,1
train_013.jpg,1
train_014.jpg,1
train_015.jpg,1
train_016.jpg,1
train_017.jpg,1
train_018.jpg,1
train_019.jpg,1
train_020.jpg,1
train_021.jpg,2
train_022.jpg,2
train_023.jpg,2
train_024.jpg,2
train_025.jpg,2
train_026.jpg,2
train_027.jpg,2
train_028.jpg,2
train_029.jpg,2
train_030.jpg,2
train_031.jpg,2
train_032.jpg,2
train_033.jpg,2
train_034.jpg,2
train_035.jpg,2
train_036.jpg,2
train_037.jpg,2
train_038.jpg,2
train_039.jpg,2
train_040.jpg,2
train_041.jpg,3
train_042.jpg,3
train_043.jpg,3
train_044.jpg,3
train_045.jpg,3
train_046.jpg,3
train_047.jpg,3
train_048.jpg,3
train_049.jpg,3
train_050.jpg,3
train_051.jpg,3
train_052.jpg,3
train_053.jpg,3
train_054.jpg,3
train_055.jpg,3
train_056.jpg,3
train_057.jpg,3
train_058.jpg,3
train_059.jpg,3
train_060.jpg,3
train_061.jpg,4
train_062.jpg,4
train_063.jpg,4
train_064.jpg,4
train_065.jpg,4
train_066.jpg,4
train_067.jpg,4
train_068.jpg,4
train_069.jpg,4
train_070.jpg,4
train_071.jpg,4
train_072.jpg,4
train_073.jpg,4
train_074.jpg,4
train_075.jpg,4
train_076.jpg,4
train_077.jpg,4
train_078.jpg,4
train_079.jpg,4
train_080.jpg,4
train_081.jpg,5
train_082.jpg,5
train_083.jpg,5
train_084.jpg,5
train_085.jpg,5
train_086.jpg,5
train_087.jpg,5
train_088.jpg,5
train_089.jpg,5
train_090.jpg,5
train_091.jpg,5
train_092.jpg,5
train_093.jpg,5
train_094.jpg,5
train_095.jpg,5
train_096.jpg,5
train_097.jpg,5
train_098.jpg,5
train_099.jpg,5
train_100.jpg,5
train_101.jpg,1
train_102.jpg,1
train_103.jpg,1
train_104.jpg,6
train_105.jpg,1
train_106.jpg,1
train_107.jpg,1
train_108.jpg,1
train_109.jpg,6
train_110.jpg,1
train_111.jpg,1
train_112.jpg,1
train_113.jpg,1
train_114.jpg,1
train_115.jpg,1
train_116.jpg,1
train_117.jpg,1
train_118.jpg,1
train_119.jpg,1
train_120.jpg,1
train_121.jpg,1
train_122.jpg,1
train_123.jpg,1
train_124.jpg,6
train_125.jpg,6
train_126.jpg,6
train_127.jpg,6
train_128.jpg,6
train_129.jpg,6
train_130.jpg,6
train_131.jpg,6
train_132.jpg,6
train_133.jpg,6
train_134.jpg,6
train_135.jpg,6
train_136.jpg,6
train_137.jpg,6
train_138.jpg,6
train_139.jpg,6
train_140.jpg,6
train_141.jpg,6
train_142.jpg,6
train_143.jpg,6
train_144.jpg,6
train_145.jpg,6
train_146.jpg,6
train_147.jpg,6
train_148.jpg,6
train_149.jpg,6
train_150.jpg,6